[
    {
      "id": 1,
      "zenekar": "Travis Scott",
      "cim": "ASTROWORLD",
      "ev": 2018,
      "mufaj": "Hip-Hop"
    },
    {
      "id": 2,
      "zenekar": "Travis Scott",
      "cim": "Rodeo",
      "ev": 2015,
      "mufaj": "Hip-Hop"
    },
    {
      "id": 3,
      "zenekar": "Travis Scott",
      "cim": "Utopia",
      "ev": 2023,
      "mufaj": "Hip-Hop"
    },
    {
      "id": 4,
      "zenekar": "Playboi Carti",
      "cim": "Die Lit",
      "ev": 2018,
      "mufaj": "Trap"
    },
    {
      "id": 5,
      "zenekar": "Playboi Carti",
      "cim": "Whole Lotta Red",
      "ev": 2020,
      "mufaj": "Trap"
    },
    {
      "id": 6,
      "zenekar": "Playboi Carti",
      "cim": "Playboi Carti",
      "ev": 2017,
      "mufaj": "Trap"
    },
    {
      "id": 7,
      "zenekar": "Future",
      "cim": "DS2",
      "ev": 2015,
      "mufaj": "Trap"
    },
    {
      "id": 8,
      "zenekar": "Future",
      "cim": "HNDRXX",
      "ev": 2017,
      "mufaj": "R&B / Trap"
    },
    {
      "id": 9,
      "zenekar": "Future",
      "cim": "High Off Life",
      "ev": 2020,
      "mufaj": "Trap"
    },
    {
      "id": 10,
      "zenekar": "Future",
      "cim": "I NEVER LIKED YOU",
      "ev": 2022,
      "mufaj": "Trap"
    }
  ]
  